BPM,曲名,出典音ゲー
300,,舞/ウニ/PIU/ダンスラ/DJ/O2
299,,舞/ウニ/PIU/ダンスラ/DJ/O2
298,,舞/ウニ/PIU/ダンスラ/DJ/O2
297,,舞/ウニ/PIU/ダンスラ/DJ/O2
296,,舞/ウニ/PIU/ダンスラ/DJ/O2
295,,舞/ウニ/PIU/ダンスラ/DJ/O2
294,,舞/ウニ/PIU/ダンスラ/DJ/O2
293,,舞/ウニ/PIU/ダンスラ/DJ/O2
292,,舞/ウニ/PIU/ダンスラ/DJ/O2
291,,舞/ウニ/PIU/ダンスラ/DJ/O2
290,,舞/ウニ/PIU/ダンスラ/DJ/O2
289,,舞/ウニ/PIU/ダンスラ/DJ/O2
288,,舞/ウニ/PIU/ダンスラ/DJ/O2
287,,舞/ウニ/PIU/ダンスラ/DJ/O2
286,,舞/ウニ/PIU/ダンスラ/DJ/O2
285,,舞/ウニ/PIU/ダンスラ/DJ/O2
284,,舞/ウニ/PIU/ダンスラ/DJ/O2
283,,舞/ウニ/PIU/ダンスラ/DJ/O2
282,,舞/ウニ/PIU/ダンスラ/DJ/O2
281,,舞/ウニ/PIU/ダンスラ/DJ/O2
280,,舞/ウニ/PIU/ダンスラ/DJ/O2
279,,舞/ウニ/PIU/ダンスラ/DJ/O2
278,,舞/ウニ/PIU/ダンスラ/DJ/O2
277,,舞/ウニ/PIU/ダンスラ/DJ/O2
276,,舞/ウニ/PIU/ダンスラ/DJ/O2
275,,舞/ウニ/PIU/ダンスラ/DJ/O2
274,,舞/ウニ/PIU/ダンスラ/DJ/O2
273,,舞/ウニ/PIU/ダンスラ/DJ/O2
272,,舞/ウニ/PIU/ダンスラ/DJ/O2
271,,舞/ウニ/PIU/ダンスラ/DJ/O2
270,,舞/ウニ/PIU/ダンスラ/DJ/O2
269,,舞/ウニ/PIU/ダンスラ/DJ/O2
268,,舞/ウニ/PIU/ダンスラ/DJ/O2
267,,舞/ウニ/PIU/ダンスラ/DJ/O2
266,,舞/ウニ/PIU/ダンスラ/DJ/O2
265,,舞/ウニ/PIU/ダンスラ/DJ/O2
264,,舞/ウニ/PIU/ダンスラ/DJ/O2
263,,舞/ウニ/PIU/ダンスラ/DJ/O2
262,,舞/ウニ/PIU/ダンスラ/DJ/O2
261,,舞/ウニ/PIU/ダンスラ/DJ/O2
260,,舞/ウニ/PIU/ダンスラ/DJ/O2
259,,舞/ウニ/PIU/ダンスラ/DJ/O2
258,,舞/ウニ/PIU/ダンスラ/DJ/O2
257,,舞/ウニ/PIU/ダンスラ/DJ/O2
256,,舞/ウニ/PIU/ダンスラ/DJ/O2
255,,舞/ウニ/PIU/ダンスラ/DJ/O2
254,,舞/ウニ/PIU/ダンスラ/DJ/O2
253,,舞/ウニ/PIU/ダンスラ/DJ/O2
252,,舞/ウニ/PIU/ダンスラ/DJ/O2
251,,舞/ウニ/PIU/ダンスラ/DJ/O2
250,,舞/ウニ/PIU/ダンスラ/DJ/O2
249,,舞/ウニ/PIU/ダンスラ/DJ/O2
248,,舞/ウニ/PIU/ダンスラ/DJ/O2
247,,舞/ウニ/PIU/ダンスラ/DJ/O2
246,Windmill,PIU
245,,舞/ウニ/PIU/ダンスラ/DJ/O2
244,,舞/ウニ/PIU/ダンスラ/DJ/O2
243,,舞/ウニ/PIU/ダンスラ/DJ/O2
242,,舞/ウニ/PIU/ダンスラ/DJ/O2
241,,舞/ウニ/PIU/ダンスラ/DJ/O2
240,,舞/ウニ/PIU/ダンスラ/DJ/O2
239,,舞/ウニ/PIU/ダンスラ/DJ/O2
238,,舞/ウニ/PIU/ダンスラ/DJ/O2
237,,舞/ウニ/PIU/ダンスラ/DJ/O2
236,,舞/ウニ/PIU/ダンスラ/DJ/O2
235,,舞/ウニ/PIU/ダンスラ/DJ/O2
234,,舞/ウニ/PIU/ダンスラ/DJ/O2
233,,舞/ウニ/PIU/ダンスラ/DJ/O2
232,,舞/ウニ/PIU/ダンスラ/DJ/O2
231,,舞/ウニ/PIU/ダンスラ/DJ/O2
230,,舞/ウニ/PIU/ダンスラ/DJ/O2
229,,舞/ウニ/PIU/ダンスラ/DJ/O2
228,,舞/ウニ/PIU/ダンスラ/DJ/O2
227,,舞/ウニ/PIU/ダンスラ/DJ/O2
226,,舞/ウニ/PIU/ダンスラ/DJ/O2
225,放課後ストライド,舞/PIU
224,,舞/ウニ/PIU/ダンスラ/DJ/O2
223,,舞/ウニ/PIU/ダンスラ/DJ/O2
222,,舞/ウニ/PIU/ダンスラ/DJ/O2
221,,舞/ウニ/PIU/ダンスラ/DJ/O2
220,,舞/ウニ/PIU/ダンスラ/DJ/O2
219,,舞/ウニ/PIU/ダンスラ/DJ/O2
218,,舞/ウニ/PIU/ダンスラ/DJ/O2
217,,舞/ウニ/PIU/ダンスラ/DJ/O2
216,,舞/ウニ/PIU/ダンスラ/DJ/O2
215,,舞/ウニ/PIU/ダンスラ/DJ/O2
214,,舞/ウニ/PIU/ダンスラ/DJ/O2
213,,舞/ウニ/PIU/ダンスラ/DJ/O2
212,,舞/ウニ/PIU/ダンスラ/DJ/O2
211,,舞/ウニ/PIU/ダンスラ/DJ/O2
210,,舞/ウニ/PIU/ダンスラ/DJ/O2
209,,舞/ウニ/PIU/ダンスラ/DJ/O2
208,,舞/ウニ/PIU/ダンスラ/DJ/O2
207,,舞/ウニ/PIU/ダンスラ/DJ/O2
206,,舞/ウニ/PIU/ダンスラ/DJ/O2
205,,舞/ウニ/PIU/ダンスラ/DJ/O2
204,,舞/ウニ/PIU/ダンスラ/DJ/O2
203,,舞/ウニ/PIU/ダンスラ/DJ/O2
202,,舞/ウニ/PIU/ダンスラ/DJ/O2
201,,舞/ウニ/PIU/ダンスラ/DJ/O2
200,,舞/ウニ/PIU/ダンスラ/DJ/O2
199,,舞/ウニ/PIU/ダンスラ/DJ/O2
198,,舞/ウニ/PIU/ダンスラ/DJ/O2
197,,舞/ウニ/PIU/ダンスラ/DJ/O2
196,,舞/ウニ/PIU/ダンスラ/DJ/O2
195,,舞/ウニ/PIU/ダンスラ/DJ/O2
194,,舞/ウニ/PIU/ダンスラ/DJ/O2
193,,舞/ウニ/PIU/ダンスラ/DJ/O2
192,,舞/ウニ/PIU/ダンスラ/DJ/O2
191,,舞/ウニ/PIU/ダンスラ/DJ/O2
190,Hardkore of the North,PIU
190,SIN,DJ
190,Ya! Party,DJ
189,,舞/ウニ/PIU/ダンスラ/DJ/O2
188,,舞/ウニ/PIU/ダンスラ/DJ/O2
187,,舞/ウニ/PIU/ダンスラ/DJ/O2
186,,舞/ウニ/PIU/ダンスラ/DJ/O2
185,,舞/ウニ/PIU/ダンスラ/DJ/O2
184,,舞/ウニ/PIU/ダンスラ/DJ/O2
183,Astro Fight,DJ
182,,舞/ウニ/PIU/ダンスラ/DJ/O2
181,,舞/ウニ/PIU/ダンスラ/DJ/O2
180,Road of Death,DJ
179,,舞/ウニ/PIU/ダンスラ/DJ/O2
178,,舞/ウニ/PIU/ダンスラ/DJ/O2
177,,舞/ウニ/PIU/ダンスラ/DJ/O2
176,,舞/ウニ/PIU/ダンスラ/DJ/O2
175,Smile Diary,PIU
175,Super Lovely,DJ
174,,舞/ウニ/PIU/ダンスラ/DJ/O2
173,,舞/ウニ/PIU/ダンスラ/DJ/O2
172,,舞/ウニ/PIU/ダンスラ/DJ/O2
171,,舞/ウニ/PIU/ダンスラ/DJ/O2
170,,舞/ウニ/PIU/ダンスラ/DJ/O2
169,,舞/ウニ/PIU/ダンスラ/DJ/O2
168,,舞/ウニ/PIU/ダンスラ/DJ/O2
167,,舞/ウニ/PIU/ダンスラ/DJ/O2
166,,舞/ウニ/PIU/ダンスラ/DJ/O2
165,,舞/ウニ/PIU/ダンスラ/DJ/O2
164,,舞/ウニ/PIU/ダンスラ/DJ/O2
163,,舞/ウニ/PIU/ダンスラ/DJ/O2
162,Light House,DJ
161,,舞/ウニ/PIU/ダンスラ/DJ/O2
160,Space of Soul,DJ
159,,舞/ウニ/PIU/ダンスラ/DJ/O2
158,,舞/ウニ/PIU/ダンスラ/DJ/O2
157,,舞/ウニ/PIU/ダンスラ/DJ/O2
156,,舞/ウニ/PIU/ダンスラ/DJ/O2
155,Follow me,PIU
155,DAWN OF FALCON,ダンスラ
155,End of the Moonlight,DJ
155,Follow me,舞/ウニ/PIU/ダンスラ/DJ/O2
154,,舞/ウニ/PIU/ダンスラ/DJ/O2
153,,舞/ウニ/PIU/ダンスラ/DJ/O2
152,,舞/ウニ/PIU/ダンスラ/DJ/O2
151,,舞/ウニ/PIU/ダンスラ/DJ/O2
150,Destination,PIU
150,Gargoyle,PIU
150,Tribe Attacker,PIU
150,Every Morning,DJ
150,Ray of Illuminati,DJ
150,Destination,舞/ウニ/PIU/ダンスラ/DJ/O2
149,,舞/ウニ/PIU/ダンスラ/DJ/O2
148,,舞/ウニ/PIU/ダンスラ/DJ/O2
147,X-Rave,PIU
146,Grid System,DJ
145,Move That Body!,PIU
145,Super Fantasy,PIU
145,Minimal Life,DJ
144,Jupiter Driving,DJ
143,The TOKYO,DJ
142,幸せになれる隠しコマンドがあるらしい,maimai/チュウニズム
142,Futurism,DJ
141,OblivioN,DJ
140,Till the end of time,PIU
140,Jonathan's Dream,PIU
140,FLOWER (STARDOM Remix),ダンスラ
140,knowledge system,DJ
140,FTR (Feel the Rhythm),DJ
139,,舞/ウニ/PIU/ダンスラ/DJ/O2
138,Bad Apple!! feat nomico,maimai/チュウニズム/PIU
138,Gimme a Big Beat,ダンスラ
137,,舞/ウニ/PIU/ダンスラ/DJ/O2
136,Cherokee,DJ
135,Butterfly,ダンスラ
134,,舞/ウニ/PIU/ダンスラ/DJ/O2
133,Enemy storm,DJ
132,Impress,ダンスラ
132,シュガーソングとビターステップ,舞/ウニ/ダンスラ
131,,舞/ウニ/PIU/ダンスラ/DJ/O2
130,miles,DJ
130,Memory of Beach,DJ
130,Bright Dream,DJ
129,Don't Stop!!,ダンスラ
128,PERFECT HUMAN,舞/ダンスラ
128,Raveology,ダンスラ
128,Handz Up,ダンスラ
128,Crazy Shuffle,ダンスラ
128,NewAige,ダンスラ
128,MASAI,DJ
127,,舞/ウニ/PIU/ダンスラ/DJ/O2
126,Out Law,DJ
125,Eternal Memory～少女の夢～,DJ
124,,舞/ウニ/PIU/ダンスラ/DJ/O2
123,,舞/ウニ/PIU/ダンスラ/DJ/O2
122,,舞/ウニ/PIU/ダンスラ/DJ/O2
121,,舞/ウニ/PIU/ダンスラ/DJ/O2
120,Revenge,DJ
119,,舞/ウニ/PIU/ダンスラ/DJ/O2
118,,舞/ウニ/PIU/ダンスラ/DJ/O2
117,,舞/ウニ/PIU/ダンスラ/DJ/O2
116,,舞/ウニ/PIU/ダンスラ/DJ/O2
115,,舞/ウニ/PIU/ダンスラ/DJ/O2
114,,舞/ウニ/PIU/ダンスラ/DJ/O2
113,,舞/ウニ/PIU/ダンスラ/DJ/O2
112,Sunny side,DJ
111,,舞/ウニ/PIU/ダンスラ/DJ/O2
110,,舞/ウニ/PIU/ダンスラ/DJ/O2
109,,舞/ウニ/PIU/ダンスラ/DJ/O2
108,風にお願い,DJ
107,,舞/ウニ/PIU/ダンスラ/DJ/O2
106,,舞/ウニ/PIU/ダンスラ/DJ/O2
105,,舞/ウニ/PIU/ダンスラ/DJ/O2
104,,舞/ウニ/PIU/ダンスラ/DJ/O2
103,,舞/ウニ/PIU/ダンスラ/DJ/O2
102,JBG,DJ
101,,舞/ウニ/PIU/ダンスラ/DJ/O2
100,,舞/ウニ/PIU/ダンスラ/DJ/O2
99,,舞/ウニ/PIU/ダンスラ/DJ/O2
98,,舞/ウニ/PIU/ダンスラ/DJ/O2
97,,舞/ウニ/PIU/ダンスラ/DJ/O2
96,,舞/ウニ/PIU/ダンスラ/DJ/O2
95,,舞/ウニ/PIU/ダンスラ/DJ/O2
94,,舞/ウニ/PIU/ダンスラ/DJ/O2
93,,舞/ウニ/PIU/ダンスラ/DJ/O2
92,,舞/ウニ/PIU/ダンスラ/DJ/O2
91,,舞/ウニ/PIU/ダンスラ/DJ/O2
90,Never Say,DJ
89,,舞/ウニ/PIU/ダンスラ/DJ/O2
88,,舞/ウニ/PIU/ダンスラ/DJ/O2
87,,舞/ウニ/PIU/ダンスラ/DJ/O2
86,,舞/ウニ/PIU/ダンスラ/DJ/O2
85,,舞/ウニ/PIU/ダンスラ/DJ/O2
84,,舞/ウニ/PIU/ダンスラ/DJ/O2
83,,舞/ウニ/PIU/ダンスラ/DJ/O2
82,,舞/ウニ/PIU/ダンスラ/DJ/O2
81,,舞/ウニ/PIU/ダンスラ/DJ/O2
80,,舞/ウニ/PIU/ダンスラ/DJ/O2
79,,舞/ウニ/PIU/ダンスラ/DJ/O2
78,,舞/ウニ/PIU/ダンスラ/DJ/O2
77,,舞/ウニ/PIU/ダンスラ/DJ/O2
76,,舞/ウニ/PIU/ダンスラ/DJ/O2
75,,舞/ウニ/PIU/ダンスラ/DJ/O2
74,,舞/ウニ/PIU/ダンスラ/DJ/O2
73,,舞/ウニ/PIU/ダンスラ/DJ/O2
72,,舞/ウニ/PIU/ダンスラ/DJ/O2
71,,舞/ウニ/PIU/ダンスラ/DJ/O2
70,,舞/ウニ/PIU/ダンスラ/DJ/O2
69,,舞/ウニ/PIU/ダンスラ/DJ/O2
68,,舞/ウニ/PIU/ダンスラ/DJ/O2
67,,舞/ウニ/PIU/ダンスラ/DJ/O2
66,,舞/ウニ/PIU/ダンスラ/DJ/O2
65,,舞/ウニ/PIU/ダンスラ/DJ/O2
64,,舞/ウニ/PIU/ダンスラ/DJ/O2
63,,舞/ウニ/PIU/ダンスラ/DJ/O2
62,,舞/ウニ/PIU/ダンスラ/DJ/O2
61,,舞/ウニ/PIU/ダンスラ/DJ/O2
60,,舞/ウニ/PIU/ダンスラ/DJ/O2
59,,舞/ウニ/PIU/ダンスラ/DJ/O2
58,,舞/ウニ/PIU/ダンスラ/DJ/O2
57,,舞/ウニ/PIU/ダンスラ/DJ/O2
56,,舞/ウニ/PIU/ダンスラ/DJ/O2
55,,舞/ウニ/PIU/ダンスラ/DJ/O2
54,,舞/ウニ/PIU/ダンスラ/DJ/O2
53,,舞/ウニ/PIU/ダンスラ/DJ/O2
52,,舞/ウニ/PIU/ダンスラ/DJ/O2
51,,舞/ウニ/PIU/ダンスラ/DJ/O2
50,,舞/ウニ/PIU/ダンスラ/DJ/O2
49,,舞/ウニ/PIU/ダンスラ/DJ/O2
48,,舞/ウニ/PIU/ダンスラ/DJ/O2
47,,舞/ウニ/PIU/ダンスラ/DJ/O2
46,,舞/ウニ/PIU/ダンスラ/DJ/O2
45,,舞/ウニ/PIU/ダンスラ/DJ/O2
44,,舞/ウニ/PIU/ダンスラ/DJ/O2
43,,舞/ウニ/PIU/ダンスラ/DJ/O2
42,,舞/ウニ/PIU/ダンスラ/DJ/O2
41,,舞/ウニ/PIU/ダンスラ/DJ/O2
40,,舞/ウニ/PIU/ダンスラ/DJ/O2
39,,舞/ウニ/PIU/ダンスラ/DJ/O2
38,,舞/ウニ/PIU/ダンスラ/DJ/O2
37,,舞/ウニ/PIU/ダンスラ/DJ/O2
36,,舞/ウニ/PIU/ダンスラ/DJ/O2
35,,舞/ウニ/PIU/ダンスラ/DJ/O2
34,,舞/ウニ/PIU/ダンスラ/DJ/O2
33,,舞/ウニ/PIU/ダンスラ/DJ/O2
32,,舞/ウニ/PIU/ダンスラ/DJ/O2
31,,舞/ウニ/PIU/ダンスラ/DJ/O2
30,,舞/ウニ/PIU/ダンスラ/DJ/O2
29,,舞/ウニ/PIU/ダンスラ/DJ/O2
28,,舞/ウニ/PIU/ダンスラ/DJ/O2
27,,舞/ウニ/PIU/ダンスラ/DJ/O2
26,,舞/ウニ/PIU/ダンスラ/DJ/O2
25,,舞/ウニ/PIU/ダンスラ/DJ/O2
24,,舞/ウニ/PIU/ダンスラ/DJ/O2
23,,舞/ウニ/PIU/ダンスラ/DJ/O2
22,,舞/ウニ/PIU/ダンスラ/DJ/O2
21,,舞/ウニ/PIU/ダンスラ/DJ/O2
20,,舞/ウニ/PIU/ダンスラ/DJ/O2
19,,舞/ウニ/PIU/ダンスラ/DJ/O2
18,,舞/ウニ/PIU/ダンスラ/DJ/O2
17,,舞/ウニ/PIU/ダンスラ/DJ/O2
16,,舞/ウニ/PIU/ダンスラ/DJ/O2
15,,舞/ウニ/PIU/ダンスラ/DJ/O2
14,,舞/ウニ/PIU/ダンスラ/DJ/O2
13,,舞/ウニ/PIU/ダンスラ/DJ/O2
12,,舞/ウニ/PIU/ダンスラ/DJ/O2
11,,舞/ウニ/PIU/ダンスラ/DJ/O2
10,,舞/ウニ/PIU/ダンスラ/DJ/O2
9,,舞/ウニ/PIU/ダンスラ/DJ/O2
8,,舞/ウニ/PIU/ダンスラ/DJ/O2
7,,舞/ウニ/PIU/ダンスラ/DJ/O2
6,,舞/ウニ/PIU/ダンスラ/DJ/O2
5,,舞/ウニ/PIU/ダンスラ/DJ/O2
4,,舞/ウニ/PIU/ダンスラ/DJ/O2
3,,舞/ウニ/PIU/ダンスラ/DJ/O2
2,,舞/ウニ/PIU/ダンスラ/DJ/O2
1,,舞/ウニ/PIU/ダンスラ/DJ/O2
